Predictor,MinPValue,BestLag,Significant
GOLD,0.10851416138807769,1,False
SILVER,0.18409716062321202,1,False
WHEAT,0.31740434840980575,1,False
COPPER,0.4947622334573485,1,False
NATURAL GAS,0.6060467446378603,1,False
SOYBEANS,0.7918050109549898,1,False
CORN,0.9752086828186713,1,False
