Predictor,MinPValue,BestLag,Significant
CORN,0.06460458804762075,1,False
SOYBEANS,0.1894127483464894,1,False
NATURAL GAS,0.3657186020119807,1,False
GOLD,0.36816059917730914,1,False
SILVER,0.6788695518623848,1,False
WHEAT,0.6832983104684264,1,False
COPPER,0.8923754822178986,1,False
